{
    "name": "root",
    "gauges": {
        "Nigel.Policy.Entropy.mean": {
            "value": 1.1655282974243164,
            "min": 0.701532781124115,
            "max": 1.4989039897918701,
            "count": 20
        },
        "Nigel.Policy.Entropy.sum": {
            "value": 58230.9609375,
            "min": 35087.86328125,
            "max": 75036.6328125,
            "count": 20
        },
        "Nigel.Environment.EpisodeLength.mean": {
            "value": 570.3218390804598,
            "min": 307.2283950617284,
            "max": 835.2166666666667,
            "count": 20
        },
        "Nigel.Environment.EpisodeLength.sum": {
            "value": 49618.0,
            "min": 49344.0,
            "max": 50446.0,
            "count": 20
        },
        "Nigel.Step.mean": {
            "value": 999931.0,
            "min": 49933.0,
            "max": 999931.0,
            "count": 20
        },
        "Nigel.Step.sum": {
            "value": 999931.0,
            "min": 49933.0,
            "max": 999931.0,
            "count": 20
        },
        "Nigel.Policy.ExtrinsicValueEstimate.mean": {
            "value": 1.191253423690796,
            "min": 0.1630489081144333,
            "max": 1.2527732849121094,
            "count": 20
        },
        "Nigel.Policy.ExtrinsicValueEstimate.sum": {
            "value": 506.2826843261719,
            "min": 78.9156723022461,
            "max": 527.4175415039062,
            "count": 20
        },
        "Nigel.Environment.CumulativeReward.mean": {
            "value": 7.2288926178696515,
            "min": 1.1736924692436501,
            "max": 10.109055068095525,
            "count": 20
        },
        "Nigel.Environment.CumulativeReward.sum": {
            "value": 628.9136577546597,
            "min": 190.1381800174713,
            "max": 675.1625288724899,
            "count": 20
        },
        "Nigel.Policy.ExtrinsicReward.mean": {
            "value": 7.2288926178696515,
            "min": 1.1736924692436501,
            "max": 10.109055068095525,
            "count": 20
        },
        "Nigel.Policy.ExtrinsicReward.sum": {
            "value": 628.9136577546597,
            "min": 190.1381800174713,
            "max": 675.1625288724899,
            "count": 20
        },
        "Nigel.Losses.PolicyLoss.mean": {
            "value": 0.09600250395589736,
            "min": 0.09416355095978235,
            "max": 0.09842226363821034,
            "count": 20
        },
        "Nigel.Losses.PolicyLoss.sum": {
            "value": 4.4161151819712785,
            "min": 4.237359793190206,
            "max": 4.527424127357675,
            "count": 20
        },
        "Nigel.Losses.ValueLoss.mean": {
            "value": 0.0063171919858531714,
            "min": 0.001487926771234718,
            "max": 0.019427318458598297,
            "count": 20
        },
        "Nigel.Losses.ValueLoss.sum": {
            "value": 0.2905908313492459,
            "min": 0.06993255824803175,
            "max": 0.8742293306369234,
            "count": 20
        },
        "Nigel.Policy.LearningRate.mean": {
            "value": 7.538112704719569e-06,
            "min": 7.538112704719569e-06,
            "max": 0.00029239131775361956,
            "count": 20
        },
        "Nigel.Policy.LearningRate.sum": {
            "value": 0.0003467531844171002,
            "min": 0.0003467531844171002,
            "max": 0.0134500006166665,
            "count": 20
        },
        "Nigel.Policy.Epsilon.mean": {
            "value": 0.10251267173913046,
            "min": 0.10251267173913046,
            "max": 0.19746377173913043,
            "count": 20
        },
        "Nigel.Policy.Epsilon.sum": {
            "value": 4.715582900000001,
            "min": 4.715582900000001,
            "max": 9.0833335,
            "count": 20
        },
        "Nigel.Policy.Beta.mean": {
            "value": 3.487545021739131e-05,
            "min": 3.487545021739131e-05,
            "max": 0.0009748913402173915,
            "count": 20
        },
        "Nigel.Policy.Beta.sum": {
            "value": 0.0016042707100000003,
            "min": 0.0016042707100000003,
            "max": 0.04484500165000001,
            "count": 20
        },
        "Nigel.IsTraining.mean": {
            "value": 1.0,
            "min": 1.0,
            "max": 1.0,
            "count": 20
        },
        "Nigel.IsTraining.sum": {
            "value": 1.0,
            "min": 1.0,
            "max": 1.0,
            "count": 20
        }
    },
    "metadata": {
        "timer_format_version": "0.1.0",
        "start_time_seconds": "1701246465",
        "python_version": "3.8.18 (default, Sep 11 2023, 13:39:12) [MSC v.1916 64 bit (AMD64)]",
        "command_line_arguments": "C:\\Users\\tsamak\\Anaconda3\\envs\\autodrive_ml_agents\\Scripts\\mlagents-learn NigelCrossing.yaml --run-id=Run1",
        "mlagents_version": "0.26.0",
        "mlagents_envs_version": "0.26.0",
        "communication_protocol_version": "1.5.0",
        "pytorch_version": "1.7.1+cu110",
        "numpy_version": "1.19.0",
        "end_time_seconds": "1701259919"
    },
    "total": 13453.6268645,
    "count": 1,
    "self": 0.007616900000357418,
    "children": {
        "run_training.setup": {
            "total": 0.07187720000000009,
            "count": 1,
            "self": 0.07187720000000009
        },
        "TrainerController.start_learning": {
            "total": 13453.5473704,
            "count": 1,
            "self": 13.85977719987386,
            "children": {
                "TrainerController._reset_env": {
                    "total": 30.2047834,
                    "count": 1,
                    "self": 30.2047834
                },
                "TrainerController.advance": {
                    "total": 13409.408293900127,
                    "count": 1002017,
                    "self": 12.98304809973888,
                    "children": {
                        "env_step": {
                            "total": 12833.239021799698,
                            "count": 1002017,
                            "self": 7326.606284499734,
                            "children": {
                                "SubprocessEnvManager._take_step": {
                                    "total": 5497.652141600034,
                                    "count": 1002017,
                                    "self": 37.751244000446604,
                                    "children": {
                                        "TorchPolicy.evaluate": {
                                            "total": 5459.900897599588,
                                            "count": 1000059,
                                            "self": 2613.5073796994748,
                                            "children": {
                                                "TorchPolicy.sample_actions": {
                                                    "total": 2846.393517900113,
                                                    "count": 1000059,
                                                    "self": 2846.393517900113
                                                }
                                            }
                                        }
                                    }
                                },
                                "workers": {
                                    "total": 8.980595699930024,
                                    "count": 1002017,
                                    "self": 0.0,
                                    "children": {
                                        "worker_root": {
                                            "total": 13405.254390099559,
                                            "count": 1002017,
                                            "is_parallel": true,
                                            "self": 6702.347259999764,