{"count":1,"self":10.1740728,"total":117.94971869999999,"children":{"InitializeActuators":{"count":2,"self":0.0010146999999999999,"total":0.0010146999999999999,"children":null},"InitializeSensors":{"count":2,"self":0.0020003,"total":0.0020003,"children":null},"AgentSendState":{"count":21667,"self":0.73215809999999992,"total":0.90866689999999994,"children":{"CollectObservations":{"count":10834,"self":0.025070099999999998,"total":0.025070099999999998,"children":null},"WriteActionMask":{"count":10834,"self":0.0054897999999999995,"total":0.0054897999999999995,"children":null},"RequestDecision":{"count":10834,"self":0.022531,"total":0.1459489,"children":{"AgentInfo.ToProto":{"count":10834,"self":0.018668399999999998,"total":0.1234179,"children":{"GenerateSensorData":{"count":10834,"self":0.0838433,"total":0.1047495,"children":{"RayPerceptionSensor.Perceive":{"count":10834,"self":0.0209062,"total":0.0209062,"children":null}}}}}}}}},"DecideAction":{"count":21667,"self":106.761376,"total":106.7613731,"children":null},"AgentAct":{"count":21667,"self":0.1005326,"total":0.10149029999999999,"children":{"AgentInfo.ToProto":{"count":15,"self":0.00095769999999999991,"total":0.00095769999999999991,"children":{"GenerateSensorData":{"count":15,"self":0,"total":0,"children":{"RayPerceptionSensor.Perceive":{"count":15,"self":0,"total":0,"children":null}}}}}}}},"gauges":{"F1TENTH_2.CumulativeReward":{"count":11,"max":13.4736128,"min":9.129495,"runningAverage":10.6344213,"value":13.4736128,"weightedAverage":11.6104336},"F1TENTH_1.CumulativeReward":{"count":4,"max":40.88653,"min":26.0124969,"runningAverage":32.2474937,"value":40.88653,"weightedAverage":31.4787178}},"metadata":{"timer_format_version":"0.1.0","start_time_seconds":"1706432971","unity_version":"2021.3.34f1","command_line_arguments":"C:\\Program Files\\Unity\\Hub\\Editor\\2021.3.34f1\\Editor\\Unity.exe -projectpath C:\\Users\\tsamak\\Workspace\\AutoDRIVE Simulator -useHub -hubIPC -cloudEnvironment production -licensingIpc LicenseClient-tsamak -hubSessionId cdf7e15b-4e40-486e-87b7-1a83d0c51a46 -accessToken 89IScvyYgGt3bBEEFeeorqEUtHlHMamCZRzVTDraebA00cf","communication_protocol_version":"1.5.0","com.unity.ml-agents_version":"2.0.1","scene_name":"F1TENTH - MARL","end_time_seconds":"1706433088"}}